{"file_name":"body","texture_size":[128,128],"textures":{"e2ee60df-735e-9c10-7d15-44684b072089":"modelengine:entity/skeletonvanguard"},"elements":[{"name":"body","from":[5.6,7.4,6.8],"to":[10.4,14.6,9.2],"rotation":{"angle":0.0,"axis":"x","origin":[8.0,0.19999981,8.0]},"faces":{"down":{"uv":[3.5,2.0,4.5,2.5],"rotation":0,"texture":"#e2ee60df-735e-9c10-7d15-44684b072089","tintindex":0},"east":{"uv":[4.0,2.5,3.5,4.0],"rotation":0,"texture":"#e2ee60df-735e-9c10-7d15-44684b072089","tintindex":0},"north":{"uv":[3.5,2.5,2.5,4.0],"rotation":0,"texture":"#e2ee60df-735e-9c10-7d15-44684b072089","tintindex":0},"south":{"uv":[5.0,2.5,4.0,4.0],"rotation":0,"texture":"#e2ee60df-735e-9c10-7d15-44684b072089","tintindex":0},"up":{"uv":[2.5,2.5,3.5,2.0],"rotation":0,"texture":"#e2ee60df-735e-9c10-7d15-44684b072089","tintindex":0},"west":{"uv":[2.5,2.5,2.0,4.0],"rotation":0,"texture":"#e2ee60df-735e-9c10-7d15-44684b072089","tintindex":0}}},{"name":"body","from":[5.0,10.4,6.2],"to":[11.0,14.6,9.8],"rotation":{"angle":0.0,"axis":"x","origin":[8.0,0.19999981,8.0]},"faces":{"down":{"uv":[13.0,2.25,14.25,3.0],"rotation":0,"texture":"#e2ee60df-735e-9c10-7d15-44684b072089","tintindex":0},"east":{"uv":[13.75,3.0,13.0,3.875],"rotation":0,"texture":"#e2ee60df-735e-9c10-7d15-44684b072089","tintindex":0},"north":{"uv":[13.0,3.0,11.75,3.875],"rotation":0,"texture":"#e2ee60df-735e-9c10-7d15-44684b072089","tintindex":0},"south":{"uv":[15.0,3.0,13.75,3.875],"rotation":0,"texture":"#e2ee60df-735e-9c10-7d15-44684b072089","tintindex":0},"up":{"uv":[11.75,3.0,13.0,2.25],"rotation":0,"texture":"#e2ee60df-735e-9c10-7d15-44684b072089","tintindex":0},"west":{"uv":[11.75,3.0,11.0,3.875],"rotation":0,"texture":"#e2ee60df-735e-9c10-7d15-44684b072089","tintindex":0}}},{"name":"body","from":[5.0,11.0,6.2],"to":[11.0,11.0,9.8],"rotation":{"angle":0.0,"axis":"x","origin":[8.0,0.19999981,8.0]},"faces":{"down":{"uv":[9.75,3.0,11.0,3.75],"rotation":0,"texture":"#e2ee60df-735e-9c10-7d15-44684b072089","tintindex":0},"east":{"uv":[10.5,3.75,9.75,3.75],"rotation":0,"texture":"#e2ee60df-735e-9c10-7d15-44684b072089","tintindex":0},"north":{"uv":[9.75,3.75,8.5,3.75],"rotation":0,"texture":"#e2ee60df-735e-9c10-7d15-44684b072089","tintindex":0},"south":{"uv":[11.75,3.75,10.5,3.75],"rotation":0,"texture":"#e2ee60df-735e-9c10-7d15-44684b072089","tintindex":0},"up":{"uv":[8.5,3.75,9.75,3.0],"rotation":0,"texture":"#e2ee60df-735e-9c10-7d15-44684b072089","tintindex":0},"west":{"uv":[8.5,3.75,7.75,3.75],"rotation":0,"texture":"#e2ee60df-735e-9c10-7d15-44684b072089","tintindex":0}}}],"display":{"head":{"translation":[0.0,-6.4,0.0],"rotation":[0.0,0.0,0.0],"scale":[3.8095,3.8095,3.8095]},"gui":{"translation":[0.0,0.0,0.0],"rotation":[35.0,225.0,0.0],"scale":[0.625,0.625,0.625]}}}