{"file_name":"head","texture_size":[128,128],"textures":{"e2ee60df-735e-9c10-7d15-44684b072089":"modelengine:entity/skeletonvanguard"},"elements":[{"name":"head","from":[5.6,8.0,5.6],"to":[10.4,12.8,10.4],"rotation":{"angle":0.0,"axis":"x","origin":[8.0,-6.4000006,8.0]},"faces":{"down":{"uv":[2.0,0.0,3.0,1.0],"rotation":0,"texture":"#e2ee60df-735e-9c10-7d15-44684b072089","tintindex":0},"east":{"uv":[3.0,1.0,2.0,2.0],"rotation":0,"texture":"#e2ee60df-735e-9c10-7d15-44684b072089","tintindex":0},"north":{"uv":[2.0,1.0,1.0,2.0],"rotation":0,"texture":"#e2ee60df-735e-9c10-7d15-44684b072089","tintindex":0},"south":{"uv":[4.0,1.0,3.0,2.0],"rotation":0,"texture":"#e2ee60df-735e-9c10-7d15-44684b072089","tintindex":0},"up":{"uv":[1.0,1.0,2.0,0.0],"rotation":0,"texture":"#e2ee60df-735e-9c10-7d15-44684b072089","tintindex":0},"west":{"uv":[1.0,1.0,0.0,2.0],"rotation":0,"texture":"#e2ee60df-735e-9c10-7d15-44684b072089","tintindex":0}}},{"name":"head","from":[7.4,9.8006,4.3999996],"to":[8.6,14.6006,5.0],"rotation":{"angle":0.0,"axis":"x","origin":[8.0,-6.4000006,8.0]},"faces":{"down":{"uv":[0.375,4.5,0.625,4.625],"rotation":0,"texture":"#e2ee60df-735e-9c10-7d15-44684b072089","tintindex":0},"east":{"uv":[0.5,4.625,0.375,5.625],"rotation":0,"texture":"#e2ee60df-735e-9c10-7d15-44684b072089","tintindex":0},"north":{"uv":[0.375,4.625,0.125,5.625],"rotation":0,"texture":"#e2ee60df-735e-9c10-7d15-44684b072089","tintindex":0},"south":{"uv":[0.75,4.625,0.5,5.625],"rotation":0,"texture":"#e2ee60df-735e-9c10-7d15-44684b072089","tintindex":0},"up":{"uv":[0.125,4.625,0.375,4.5],"rotation":0,"texture":"#e2ee60df-735e-9c10-7d15-44684b072089","tintindex":0},"west":{"uv":[0.125,4.625,0.0,5.625],"rotation":0,"texture":"#e2ee60df-735e-9c10-7d15-44684b072089","tintindex":0}}},{"name":"head","from":[5.0,8.03,5.0],"to":[11.0,12.83,11.0],"rotation":{"angle":0.0,"axis":"x","origin":[8.0,-6.4000006,8.0]},"faces":{"down":{"uv":[13.5,0.0,14.75,1.25],"rotation":0,"texture":"#e2ee60df-735e-9c10-7d15-44684b072089","tintindex":0},"east":{"uv":[14.75,1.25,13.5,2.25],"rotation":0,"texture":"#e2ee60df-735e-9c10-7d15-44684b072089","tintindex":0},"north":{"uv":[13.5,1.25,12.25,2.25],"rotation":0,"texture":"#e2ee60df-735e-9c10-7d15-44684b072089","tintindex":0},"south":{"uv":[16.0,1.25,14.75,2.25],"rotation":0,"texture":"#e2ee60df-735e-9c10-7d15-44684b072089","tintindex":0},"up":{"uv":[12.25,1.25,13.5,0.0],"rotation":0,"texture":"#e2ee60df-735e-9c10-7d15-44684b072089","tintindex":0},"west":{"uv":[12.25,1.25,11.0,2.25],"rotation":0,"texture":"#e2ee60df-735e-9c10-7d15-44684b072089","tintindex":0}}}],"display":{"head":{"translation":[0.0,-6.4,0.0],"rotation":[0.0,0.0,0.0],"scale":[3.8095,3.8095,3.8095]},"gui":{"translation":[0.0,0.0,0.0],"rotation":[35.0,225.0,0.0],"scale":[0.625,0.625,0.625]}}}