{"file_name":"leftarm","texture_size":[128,128],"textures":{"e2ee60df-735e-9c10-7d15-44684b072089":"modelengine:entity/skeletonvanguard"},"elements":[{"name":"leftarm","from":[7.4,1.3999997,7.4],"to":[8.6,8.6,8.6],"rotation":{"angle":0.0,"axis":"x","origin":[5.0,-5.200001,8.0]},"faces":{"down":{"uv":[5.75,2.0,5.5,2.25],"rotation":0,"texture":"#e2ee60df-735e-9c10-7d15-44684b072089","tintindex":0},"east":{"uv":[5.0,2.25,5.25,3.75],"rotation":0,"texture":"#e2ee60df-735e-9c10-7d15-44684b072089","tintindex":0},"north":{"uv":[5.25,2.25,5.5,3.75],"rotation":0,"texture":"#e2ee60df-735e-9c10-7d15-44684b072089","tintindex":0},"south":{"uv":[5.75,2.25,6.0,3.75],"rotation":0,"texture":"#e2ee60df-735e-9c10-7d15-44684b072089","tintindex":0},"up":{"uv":[5.5,2.25,5.25,2.0],"rotation":0,"texture":"#e2ee60df-735e-9c10-7d15-44684b072089","tintindex":0},"west":{"uv":[5.5,2.25,5.75,3.75],"rotation":0,"texture":"#e2ee60df-735e-9c10-7d15-44684b072089","tintindex":0}}}],"display":{"head":{"translation":[0.0,-6.4,0.0],"rotation":[0.0,0.0,0.0],"scale":[3.8095,3.8095,3.8095]},"gui":{"translation":[0.0,0.0,0.0],"rotation":[35.0,225.0,0.0],"scale":[0.625,0.625,0.625]}}}