{"file_name":"shield","texture_size":[128,128],"textures":{"e2ee60df-735e-9c10-7d15-44684b072089":"modelengine:entity/skeletonvanguard"},"elements":[{"name":"shield","from":[3.1999998,7.7,2.9499996],"to":[12.8,7.7,15.549999],"rotation":{"angle":0.0,"axis":"x","origin":[3.1999998,7.7,2.9499996]},"faces":{"down":{"uv":[2.25,13.375,4.25,16.0],"rotation":0,"texture":"#e2ee60df-735e-9c10-7d15-44684b072089","tintindex":0},"east":{"uv":[0.0,0.0,2.625,0.0],"rotation":0,"texture":"#e2ee60df-735e-9c10-7d15-44684b072089","tintindex":0},"north":{"uv":[9.75,12.25,11.75,12.25],"rotation":0,"texture":"#e2ee60df-735e-9c10-7d15-44684b072089","tintindex":0},"south":{"uv":[0.0,0.0,2.0,0.0],"rotation":0,"texture":"#e2ee60df-735e-9c10-7d15-44684b072089","tintindex":0},"up":{"uv":[0.125,13.375,2.125,16.0],"rotation":0,"texture":"#e2ee60df-735e-9c10-7d15-44684b072089","tintindex":0},"west":{"uv":[0.0,0.0,2.625,0.0],"rotation":0,"texture":"#e2ee60df-735e-9c10-7d15-44684b072089","tintindex":0}}},{"name":"shield","from":[5.0,7.7,9.549999],"to":[11.0,8.3,15.549999],"rotation":{"angle":0.0,"axis":"x","origin":[6.2,20.900002,2.9499996]},"faces":{"down":{"uv":[4.5,13.5,5.75,14.75],"rotation":0,"texture":"#e2ee60df-735e-9c10-7d15-44684b072089","tintindex":0},"east":{"uv":[1.0,13.0,2.25,13.125],"rotation":0,"texture":"#e2ee60df-735e-9c10-7d15-44684b072089","tintindex":0},"north":{"uv":[1.375,12.25,2.625,12.375],"rotation":0,"texture":"#e2ee60df-735e-9c10-7d15-44684b072089","tintindex":0},"south":{"uv":[0.0,0.0,1.25,0.125],"rotation":0,"texture":"#e2ee60df-735e-9c10-7d15-44684b072089","tintindex":0},"up":{"uv":[8.75,6.375,10.0,7.625],"rotation":0,"texture":"#e2ee60df-735e-9c10-7d15-44684b072089","tintindex":0},"west":{"uv":[2.125,12.375,3.375,12.5],"rotation":0,"texture":"#e2ee60df-735e-9c10-7d15-44684b072089","tintindex":0}}},{"name":"shield","from":[3.1999998,7.7,6.5499997],"to":[12.8,8.3,9.549999],"rotation":{"angle":0.0,"axis":"x","origin":[6.2,20.900002,2.9499996]},"faces":{"down":{"uv":[4.25,13.5,6.25,14.125],"rotation":0,"texture":"#e2ee60df-735e-9c10-7d15-44684b072089","tintindex":0},"east":{"uv":[1.875,12.5,2.5,12.625],"rotation":0,"texture":"#e2ee60df-735e-9c10-7d15-44684b072089","tintindex":0},"north":{"uv":[2.875,12.0,4.875,12.125],"rotation":0,"texture":"#e2ee60df-735e-9c10-7d15-44684b072089","tintindex":0},"south":{"uv":[0.0,0.0,2.0,0.125],"rotation":0,"texture":"#e2ee60df-735e-9c10-7d15-44684b072089","tintindex":0},"up":{"uv":[7.25,5.75,9.25,6.375],"rotation":0,"texture":"#e2ee60df-735e-9c10-7d15-44684b072089","tintindex":0},"west":{"uv":[1.5,12.625,2.125,12.75],"rotation":0,"texture":"#e2ee60df-735e-9c10-7d15-44684b072089","tintindex":0}}},{"name":"shield","from":[4.3999996,7.7,4.15],"to":[11.6,8.3,6.5499997],"rotation":{"angle":0.0,"axis":"x","origin":[6.2,20.900002,2.9499996]},"faces":{"down":{"uv":[4.375,13.5,5.875,14.0],"rotation":0,"texture":"#e2ee60df-735e-9c10-7d15-44684b072089","tintindex":0},"east":{"uv":[0.625,12.0,1.125,12.125],"rotation":0,"texture":"#e2ee60df-735e-9c10-7d15-44684b072089","tintindex":0},"north":{"uv":[2.25,12.5,3.75,12.625],"rotation":0,"texture":"#e2ee60df-735e-9c10-7d15-44684b072089","tintindex":0},"south":{"uv":[0.0,0.0,1.5,0.125],"rotation":0,"texture":"#e2ee60df-735e-9c10-7d15-44684b072089","tintindex":0},"up":{"uv":[8.25,6.0,9.75,6.5],"rotation":0,"texture":"#e2ee60df-735e-9c10-7d15-44684b072089","tintindex":0},"west":{"uv":[0.625,12.625,1.125,12.75],"rotation":0,"texture":"#e2ee60df-735e-9c10-7d15-44684b072089","tintindex":0}}},{"name":"shield","from":[6.2,7.7,2.9499996],"to":[9.8,8.3,4.15],"rotation":{"angle":0.0,"axis":"x","origin":[6.2,20.900002,2.9499996]},"faces":{"down":{"uv":[0.0,0.0,0.75,0.25],"rotation":0,"texture":"#e2ee60df-735e-9c10-7d15-44684b072089","tintindex":0},"east":{"uv":[1.875,11.375,2.125,11.5],"rotation":0,"texture":"#e2ee60df-735e-9c10-7d15-44684b072089","tintindex":0},"north":{"uv":[1.875,11.375,2.625,11.5],"rotation":0,"texture":"#e2ee60df-735e-9c10-7d15-44684b072089","tintindex":0},"south":{"uv":[0.0,0.0,0.75,0.125],"rotation":0,"texture":"#e2ee60df-735e-9c10-7d15-44684b072089","tintindex":0},"up":{"uv":[8.375,6.5,9.125,6.75],"rotation":0,"texture":"#e2ee60df-735e-9c10-7d15-44684b072089","tintindex":0},"west":{"uv":[3.125,11.5,3.375,11.625],"rotation":0,"texture":"#e2ee60df-735e-9c10-7d15-44684b072089","tintindex":0}}},{"name":"shield","from":[3.1999998,8.3,2.9499996],"to":[12.8,8.3,15.549999],"rotation":{"angle":0.0,"axis":"x","origin":[6.2,20.900002,2.9499996]},"faces":{"down":{"uv":[10.0,11.875,12.0,14.5],"rotation":0,"texture":"#e2ee60df-735e-9c10-7d15-44684b072089","tintindex":0},"east":{"uv":[0.0,0.0,2.625,0.0],"rotation":0,"texture":"#e2ee60df-735e-9c10-7d15-44684b072089","tintindex":0},"north":{"uv":[0.0,0.0,2.0,0.0],"rotation":0,"texture":"#e2ee60df-735e-9c10-7d15-44684b072089","tintindex":0},"south":{"uv":[11.625,9.875,13.625,9.875],"rotation":0,"texture":"#e2ee60df-735e-9c10-7d15-44684b072089","tintindex":0},"up":{"uv":[11.125,8.625,13.125,11.25],"rotation":0,"texture":"#e2ee60df-735e-9c10-7d15-44684b072089","tintindex":0},"west":{"uv":[0.0,0.0,2.625,0.0],"rotation":0,"texture":"#e2ee60df-735e-9c10-7d15-44684b072089","tintindex":0}}}],"display":{"head":{"translation":[0.0,-6.4,0.0],"rotation":[0.0,0.0,0.0],"scale":[3.8095,3.8095,3.8095]},"gui":{"translation":[0.0,0.0,0.0],"rotation":[35.0,225.0,0.0],"scale":[0.625,0.625,0.625]}}}