{"file_name":"body","texture_size":[128,128],"textures":{"b0a9ed6a-67ff-0f7b-8761-1a73f9e42309":"modelengine:entity/namelessone"},"elements":[{"name":"body","from":[3.1999998,5.96,4.64],"to":[12.8,20.36,9.440001],"rotation":{"angle":0.0,"axis":"x","origin":[8.0,13.160001,7.04]},"faces":{"down":{"uv":[2.5,3.75,1.5,4.25],"rotation":0,"texture":"#b0a9ed6a-67ff-0f7b-8761-1a73f9e42309","tintindex":0},"east":{"uv":[0.0,4.25,0.5,5.75],"rotation":0,"texture":"#b0a9ed6a-67ff-0f7b-8761-1a73f9e42309","tintindex":0},"north":{"uv":[0.5,4.25,1.5,5.75],"rotation":0,"texture":"#b0a9ed6a-67ff-0f7b-8761-1a73f9e42309","tintindex":0},"south":{"uv":[2.0,4.25,3.0,5.75],"rotation":0,"texture":"#b0a9ed6a-67ff-0f7b-8761-1a73f9e42309","tintindex":0},"up":{"uv":[1.5,4.25,0.5,3.75],"rotation":0,"texture":"#b0a9ed6a-67ff-0f7b-8761-1a73f9e42309","tintindex":0},"west":{"uv":[1.5,4.25,2.0,5.75],"rotation":0,"texture":"#b0a9ed6a-67ff-0f7b-8761-1a73f9e42309","tintindex":0}}}],"display":{"head":{"translation":[0.0,-6.4,0.0],"rotation":[0.0,0.0,0.0],"scale":[3.8095,3.8095,3.8095]},"gui":{"translation":[0.0,0.0,0.0],"rotation":[35.0,225.0,0.0],"scale":[0.625,0.625,0.625]}}}