{"file_name":"cloak","texture_size":[128,128],"textures":{"b0a9ed6a-67ff-0f7b-8761-1a73f9e42309":"modelengine:entity/namelessone"},"elements":[{"name":"cloak","from":[-1.6000004,-16.0,5.6],"to":[17.6,10.400002,10.4],"rotation":{"angle":0.0,"axis":"x","origin":[8.0,-2.7999983,8.0]},"faces":{"down":{"uv":[4.5,12.625,2.5,13.125],"rotation":0,"texture":"#b0a9ed6a-67ff-0f7b-8761-1a73f9e42309","tintindex":0},"east":{"uv":[0.0,13.125,0.5,15.875],"rotation":0,"texture":"#b0a9ed6a-67ff-0f7b-8761-1a73f9e42309","tintindex":0},"north":{"uv":[3.0,13.125,5.0,15.875],"rotation":0,"texture":"#b0a9ed6a-67ff-0f7b-8761-1a73f9e42309","tintindex":0},"south":{"uv":[0.5,13.125,2.5,15.875],"rotation":0,"texture":"#b0a9ed6a-67ff-0f7b-8761-1a73f9e42309","tintindex":0},"up":{"uv":[2.5,13.125,0.5,12.625],"rotation":0,"texture":"#b0a9ed6a-67ff-0f7b-8761-1a73f9e42309","tintindex":0},"west":{"uv":[2.5,13.125,3.0,15.875],"rotation":0,"texture":"#b0a9ed6a-67ff-0f7b-8761-1a73f9e42309","tintindex":0}}}],"display":{"head":{"translation":[0.0,-53.44001,0.0],"rotation":[0.0,0.0,0.0],"scale":[3.8095,3.8095,3.8095]},"gui":{"translation":[0.0,0.0,0.0],"rotation":[35.0,225.0,0.0],"scale":[0.625,0.625,0.625]}}}