{"file_name":"head","texture_size":[128,128],"textures":{"b0a9ed6a-67ff-0f7b-8761-1a73f9e42309":"modelengine:entity/namelessone"},"elements":[{"name":"head","from":[3.1999998,-2.1400013,3.1999998],"to":[12.8,7.459999,12.8],"rotation":{"angle":0.0,"axis":"x","origin":[8.0,2.659999,8.0]},"faces":{"down":{"uv":[3.0,0.0,2.0,1.0],"rotation":0,"texture":"#b0a9ed6a-67ff-0f7b-8761-1a73f9e42309","tintindex":0},"east":{"uv":[0.0,1.0,1.0,2.0],"rotation":0,"texture":"#b0a9ed6a-67ff-0f7b-8761-1a73f9e42309","tintindex":0},"north":{"uv":[1.0,1.0,2.0,2.0],"rotation":0,"texture":"#b0a9ed6a-67ff-0f7b-8761-1a73f9e42309","tintindex":0},"south":{"uv":[3.0,1.0,4.0,2.0],"rotation":0,"texture":"#b0a9ed6a-67ff-0f7b-8761-1a73f9e42309","tintindex":0},"up":{"uv":[2.0,1.0,1.0,0.0],"rotation":0,"texture":"#b0a9ed6a-67ff-0f7b-8761-1a73f9e42309","tintindex":0},"west":{"uv":[2.0,1.0,3.0,2.0],"rotation":0,"texture":"#b0a9ed6a-67ff-0f7b-8761-1a73f9e42309","tintindex":0}}}],"display":{"head":{"translation":[0.0,-6.4,0.0],"rotation":[0.0,0.0,0.0],"scale":[3.8095,3.8095,3.8095]},"gui":{"translation":[0.0,0.0,0.0],"rotation":[35.0,225.0,0.0],"scale":[0.625,0.625,0.625]}}}