{"file_name":"shoulder2","texture_size":[128,128],"textures":{"b0a9ed6a-67ff-0f7b-8761-1a73f9e42309":"modelengine:entity/namelessone"},"elements":[{"name":"shoulder2","from":[8.0,-5.200001,4.3999996],"to":[14.0,0.7999997,11.6],"rotation":{"angle":0.0,"axis":"x","origin":[11.0,-2.2000003,8.0]},"faces":{"down":{"uv":[0.0,0.0,0.625,0.75],"rotation":0,"texture":"#b0a9ed6a-67ff-0f7b-8761-1a73f9e42309","tintindex":0},"east":{"uv":[4.375,6.875,5.125,7.5],"rotation":0,"texture":"#b0a9ed6a-67ff-0f7b-8761-1a73f9e42309","tintindex":0},"north":{"uv":[5.0,7.625,5.625,8.25],"rotation":0,"texture":"#b0a9ed6a-67ff-0f7b-8761-1a73f9e42309","tintindex":0},"south":{"uv":[3.625,6.125,4.25,6.75],"rotation":0,"texture":"#b0a9ed6a-67ff-0f7b-8761-1a73f9e42309","tintindex":0},"up":{"uv":[5.25,6.75,5.875,7.5],"rotation":0,"texture":"#b0a9ed6a-67ff-0f7b-8761-1a73f9e42309","tintindex":0},"west":{"uv":[5.125,6.0,5.875,6.625],"rotation":0,"texture":"#b0a9ed6a-67ff-0f7b-8761-1a73f9e42309","tintindex":0}}}],"display":{"head":{"translation":[0.0,-6.4,0.0],"rotation":[0.0,0.0,0.0],"scale":[3.8095,3.8095,3.8095]},"gui":{"translation":[0.0,0.0,0.0],"rotation":[35.0,225.0,0.0],"scale":[0.625,0.625,0.625]}}}