{"file_name":"staff","texture_size":[128,128],"textures":{"b0a9ed6a-67ff-0f7b-8761-1a73f9e42309":"modelengine:entity/namelessone"},"elements":[{"name":"staff","from":[7.300004,-2.700004,-6.55],"to":[8.500004,-1.5000043,25.55],"rotation":{"angle":0.0,"axis":"x","origin":[7.900004,-2.1000042,9.5]},"faces":{"down":{"uv":[3.125,5.75,3.25,9.09375],"rotation":0,"texture":"#b0a9ed6a-67ff-0f7b-8761-1a73f9e42309","tintindex":0},"east":{"uv":[1.0,10.875,4.34375,11.0],"rotation":0,"texture":"#b0a9ed6a-67ff-0f7b-8761-1a73f9e42309","tintindex":0},"north":{"uv":[0.0,0.0,0.125,0.125],"rotation":0,"texture":"#b0a9ed6a-67ff-0f7b-8761-1a73f9e42309","tintindex":0},"south":{"uv":[0.0,0.0,0.125,0.125],"rotation":0,"texture":"#b0a9ed6a-67ff-0f7b-8761-1a73f9e42309","tintindex":0},"up":{"uv":[0.125,9.25,0.25,12.59375],"rotation":0,"texture":"#b0a9ed6a-67ff-0f7b-8761-1a73f9e42309","tintindex":0},"west":{"uv":[1.0,10.625,4.34375,10.75],"rotation":0,"texture":"#b0a9ed6a-67ff-0f7b-8761-1a73f9e42309","tintindex":0}}},{"name":"staff","from":[6.1000037,-3.9000044,-7.750001],"to":[9.700005,-0.30000424,-6.55],"rotation":{"angle":0.0,"axis":"x","origin":[7.900004,-2.1000042,-7.1500006]},"faces":{"down":{"uv":[1.25,9.25,1.625,9.375],"rotation":0,"texture":"#b0a9ed6a-67ff-0f7b-8761-1a73f9e42309","tintindex":0},"east":{"uv":[0.875,9.25,1.0,9.625],"rotation":0,"texture":"#b0a9ed6a-67ff-0f7b-8761-1a73f9e42309","tintindex":0},"north":{"uv":[0.875,9.25,1.25,9.625],"rotation":0,"texture":"#b0a9ed6a-67ff-0f7b-8761-1a73f9e42309","tintindex":0},"south":{"uv":[1.25,9.25,1.625,9.625],"rotation":0,"texture":"#b0a9ed6a-67ff-0f7b-8761-1a73f9e42309","tintindex":0},"up":{"uv":[0.875,9.5,1.25,9.625],"rotation":0,"texture":"#b0a9ed6a-67ff-0f7b-8761-1a73f9e42309","tintindex":0},"west":{"uv":[0.875,9.25,1.0,9.625],"rotation":0,"texture":"#b0a9ed6a-67ff-0f7b-8761-1a73f9e42309","tintindex":0}}}],"display":{"head":{"translation":[0.0,-6.4,0.0],"rotation":[0.0,0.0,0.0],"scale":[3.8095,3.8095,3.8095]},"gui":{"translation":[0.0,0.0,0.0],"rotation":[35.0,225.0,0.0],"scale":[0.625,0.625,0.625]}}}