{"file_name":"cloak","texture_size":[128,128],"textures":{"6a796eef-68f7-94a8-9a1d-90e1add821f5":"modelengine:entity/necromancerx"},"elements":[{"name":"cloak","from":[0.7999997,-11.800001,6.2],"to":[15.2,8.0,9.8],"rotation":{"angle":0.0,"axis":"x","origin":[8.0,-11.800001,7.1]},"faces":{"down":{"uv":[4.5,12.625,2.5,13.125],"rotation":0,"texture":"#6a796eef-68f7-94a8-9a1d-90e1add821f5","tintindex":0},"east":{"uv":[0.0,13.125,0.5,15.875],"rotation":0,"texture":"#6a796eef-68f7-94a8-9a1d-90e1add821f5","tintindex":0},"north":{"uv":[3.0,13.125,5.0,15.875],"rotation":0,"texture":"#6a796eef-68f7-94a8-9a1d-90e1add821f5","tintindex":0},"south":{"uv":[0.5,13.125,2.5,15.875],"rotation":0,"texture":"#6a796eef-68f7-94a8-9a1d-90e1add821f5","tintindex":0},"up":{"uv":[2.5,13.125,0.5,12.625],"rotation":0,"texture":"#6a796eef-68f7-94a8-9a1d-90e1add821f5","tintindex":0},"west":{"uv":[2.5,13.125,3.0,15.875],"rotation":0,"texture":"#6a796eef-68f7-94a8-9a1d-90e1add821f5","tintindex":0}}}],"display":{"head":{"translation":[0.0,-6.4,0.0],"rotation":[0.0,0.0,0.0],"scale":[3.8095,3.8095,3.8095]},"gui":{"translation":[0.0,0.0,0.0],"rotation":[35.0,225.0,0.0],"scale":[0.625,0.625,0.625]}}}