{"file_name":"crown","texture_size":[128,128],"textures":{"6a796eef-68f7-94a8-9a1d-90e1add821f5":"modelengine:entity/necromancerx"},"elements":[{"name":"crown","from":[4.1749997,8.0,4.1749997],"to":[11.825,13.400001,11.825],"rotation":{"angle":0.0,"axis":"x","origin":[8.0,-16.3,8.9]},"faces":{"down":{"uv":[3.0,2.0,2.0,3.0],"rotation":0,"texture":"#6a796eef-68f7-94a8-9a1d-90e1add821f5","tintindex":0},"east":{"uv":[0.0,3.0,1.0,3.75],"rotation":0,"texture":"#6a796eef-68f7-94a8-9a1d-90e1add821f5","tintindex":0},"north":{"uv":[1.0,3.0,2.0,3.75],"rotation":0,"texture":"#6a796eef-68f7-94a8-9a1d-90e1add821f5","tintindex":0},"south":{"uv":[3.0,3.0,4.0,3.75],"rotation":0,"texture":"#6a796eef-68f7-94a8-9a1d-90e1add821f5","tintindex":0},"up":{"uv":[2.0,3.0,1.0,2.0],"rotation":0,"texture":"#6a796eef-68f7-94a8-9a1d-90e1add821f5","tintindex":0},"west":{"uv":[2.0,3.0,3.0,3.75],"rotation":0,"texture":"#6a796eef-68f7-94a8-9a1d-90e1add821f5","tintindex":0}}}],"display":{"head":{"translation":[0.0,-6.4,0.0],"rotation":[0.0,0.0,0.0],"scale":[3.8095,3.8095,3.8095]},"gui":{"translation":[0.0,0.0,0.0],"rotation":[35.0,225.0,0.0],"scale":[0.625,0.625,0.625]}}}