{"file_name":"head","texture_size":[128,128],"textures":{"6a796eef-68f7-94a8-9a1d-90e1add821f5":"modelengine:entity/necromancerx"},"elements":[{"name":"head","from":[4.3999996,8.045,4.3999996],"to":[11.6,15.245001,11.6],"rotation":{"angle":0.0,"axis":"x","origin":[8.0,-11.800001,8.9]},"faces":{"down":{"uv":[3.0,0.0,2.0,1.0],"rotation":0,"texture":"#6a796eef-68f7-94a8-9a1d-90e1add821f5","tintindex":0},"east":{"uv":[0.0,1.0,1.0,2.0],"rotation":0,"texture":"#6a796eef-68f7-94a8-9a1d-90e1add821f5","tintindex":0},"north":{"uv":[1.0,1.0,2.0,2.0],"rotation":0,"texture":"#6a796eef-68f7-94a8-9a1d-90e1add821f5","tintindex":0},"south":{"uv":[3.0,1.0,4.0,2.0],"rotation":0,"texture":"#6a796eef-68f7-94a8-9a1d-90e1add821f5","tintindex":0},"up":{"uv":[2.0,1.0,1.0,0.0],"rotation":0,"texture":"#6a796eef-68f7-94a8-9a1d-90e1add821f5","tintindex":0},"west":{"uv":[2.0,1.0,3.0,2.0],"rotation":0,"texture":"#6a796eef-68f7-94a8-9a1d-90e1add821f5","tintindex":0}}}],"display":{"head":{"translation":[0.0,-6.4,0.0],"rotation":[0.0,0.0,0.0],"scale":[3.8095,3.8095,3.8095]},"gui":{"translation":[0.0,0.0,0.0],"rotation":[35.0,225.0,0.0],"scale":[0.625,0.625,0.625]}}}