{"file_name":"leg1","texture_size":[128,128],"textures":{"6a796eef-68f7-94a8-9a1d-90e1add821f5":"modelengine:entity/necromancerx"},"elements":[{"name":"leg1","from":[5.3,-1.0000005,7.1],"to":[7.1,9.8,8.9],"rotation":{"angle":0.0,"axis":"x","origin":[8.045,-1.0000005,8.9]},"faces":{"down":{"uv":[1.75,5.75,1.5,6.0],"rotation":0,"texture":"#6a796eef-68f7-94a8-9a1d-90e1add821f5","tintindex":0},"east":{"uv":[1.0,6.0,1.25,7.5],"rotation":0,"texture":"#6a796eef-68f7-94a8-9a1d-90e1add821f5","tintindex":0},"north":{"uv":[1.25,6.0,1.5,7.5],"rotation":0,"texture":"#6a796eef-68f7-94a8-9a1d-90e1add821f5","tintindex":0},"south":{"uv":[1.75,6.0,2.0,7.5],"rotation":0,"texture":"#6a796eef-68f7-94a8-9a1d-90e1add821f5","tintindex":0},"up":{"uv":[1.5,6.0,1.25,5.75],"rotation":0,"texture":"#6a796eef-68f7-94a8-9a1d-90e1add821f5","tintindex":0},"west":{"uv":[1.5,6.0,1.75,7.5],"rotation":0,"texture":"#6a796eef-68f7-94a8-9a1d-90e1add821f5","tintindex":0}}}],"display":{"head":{"translation":[0.0,-6.4,0.0],"rotation":[0.0,0.0,0.0],"scale":[3.8095,3.8095,3.8095]},"gui":{"translation":[0.0,0.0,0.0],"rotation":[35.0,225.0,0.0],"scale":[0.625,0.625,0.625]}}}