{"file_name":"shoulder","texture_size":[128,128],"textures":{"6a796eef-68f7-94a8-9a1d-90e1add821f5":"modelengine:entity/necromancerx"},"elements":[{"name":"shoulder","from":[3.4999998,5.75,5.3],"to":[8.0,10.25,10.700001],"rotation":{"angle":0.0,"axis":"x","origin":[16.1,5.75,5.3]},"faces":{"down":{"uv":[5.75,4.625,5.125,5.375],"rotation":0,"texture":"#6a796eef-68f7-94a8-9a1d-90e1add821f5","tintindex":0},"east":{"uv":[3.75,5.375,4.5,6.0],"rotation":0,"texture":"#6a796eef-68f7-94a8-9a1d-90e1add821f5","tintindex":0},"north":{"uv":[4.5,5.375,5.125,6.0],"rotation":0,"texture":"#6a796eef-68f7-94a8-9a1d-90e1add821f5","tintindex":0},"south":{"uv":[5.875,5.375,6.5,6.0],"rotation":0,"texture":"#6a796eef-68f7-94a8-9a1d-90e1add821f5","tintindex":0},"up":{"uv":[5.125,5.375,4.5,4.625],"rotation":0,"texture":"#6a796eef-68f7-94a8-9a1d-90e1add821f5","tintindex":0},"west":{"uv":[5.125,5.375,5.875,6.0],"rotation":0,"texture":"#6a796eef-68f7-94a8-9a1d-90e1add821f5","tintindex":0}}}],"display":{"head":{"translation":[0.0,-6.4,0.0],"rotation":[0.0,0.0,0.0],"scale":[3.8095,3.8095,3.8095]},"gui":{"translation":[0.0,0.0,0.0],"rotation":[35.0,225.0,0.0],"scale":[0.625,0.625,0.625]}}}