{"file_name":"staff","texture_size":[128,128],"textures":{"6a796eef-68f7-94a8-9a1d-90e1add821f5":"modelengine:entity/necromancerx"},"elements":[{"name":"staff","from":[7.475003,5.5999966,-6.512501],"to":[8.375003,6.499996,-2.9125004],"rotation":{"angle":0.0,"axis":"x","origin":[5.675003,5.5999966,7.8875]},"faces":{"down":{"uv":[6.5,3.625,6.375,4.125],"rotation":0,"texture":"#6a796eef-68f7-94a8-9a1d-90e1add821f5","tintindex":0},"east":{"uv":[5.75,4.125,6.25,4.25],"rotation":0,"texture":"#6a796eef-68f7-94a8-9a1d-90e1add821f5","tintindex":0},"north":{"uv":[6.25,4.125,6.375,4.25],"rotation":0,"texture":"#6a796eef-68f7-94a8-9a1d-90e1add821f5","tintindex":0},"south":{"uv":[6.875,4.125,7.0,4.25],"rotation":0,"texture":"#6a796eef-68f7-94a8-9a1d-90e1add821f5","tintindex":0},"up":{"uv":[6.375,4.125,6.25,3.625],"rotation":0,"texture":"#6a796eef-68f7-94a8-9a1d-90e1add821f5","tintindex":0},"west":{"uv":[6.375,4.125,6.875,4.25],"rotation":0,"texture":"#6a796eef-68f7-94a8-9a1d-90e1add821f5","tintindex":0}}},{"name":"staff","from":[5.4500027,7.6249967,-6.512501],"to":[6.350003,8.524997,-2.9125004],"rotation":{"angle":0.0,"axis":"x","origin":[3.6500027,7.6249967,7.8875]},"faces":{"down":{"uv":[6.5,3.625,6.375,4.125],"rotation":0,"texture":"#6a796eef-68f7-94a8-9a1d-90e1add821f5","tintindex":0},"east":{"uv":[5.75,4.125,6.25,4.25],"rotation":0,"texture":"#6a796eef-68f7-94a8-9a1d-90e1add821f5","tintindex":0},"north":{"uv":[6.25,4.125,6.375,4.25],"rotation":0,"texture":"#6a796eef-68f7-94a8-9a1d-90e1add821f5","tintindex":0},"south":{"uv":[6.875,4.125,7.0,4.25],"rotation":0,"texture":"#6a796eef-68f7-94a8-9a1d-90e1add821f5","tintindex":0},"up":{"uv":[6.375,4.125,6.25,3.625],"rotation":0,"texture":"#6a796eef-68f7-94a8-9a1d-90e1add821f5","tintindex":0},"west":{"uv":[6.375,4.125,6.875,4.25],"rotation":0,"texture":"#6a796eef-68f7-94a8-9a1d-90e1add821f5","tintindex":0}}},{"name":"staff","from":[9.500003,7.6249967,-6.512501],"to":[10.400003,8.524997,-2.9125004],"rotation":{"angle":0.0,"axis":"x","origin":[7.7000027,7.6249967,7.8875]},"faces":{"down":{"uv":[6.5,3.625,6.375,4.125],"rotation":0,"texture":"#6a796eef-68f7-94a8-9a1d-90e1add821f5","tintindex":0},"east":{"uv":[5.75,4.125,6.25,4.25],"rotation":0,"texture":"#6a796eef-68f7-94a8-9a1d-90e1add821f5","tintindex":0},"north":{"uv":[6.25,4.125,6.375,4.25],"rotation":0,"texture":"#6a796eef-68f7-94a8-9a1d-90e1add821f5","tintindex":0},"south":{"uv":[6.875,4.125,7.0,4.25],"rotation":0,"texture":"#6a796eef-68f7-94a8-9a1d-90e1add821f5","tintindex":0},"up":{"uv":[6.375,4.125,6.25,3.625],"rotation":0,"texture":"#6a796eef-68f7-94a8-9a1d-90e1add821f5","tintindex":0},"west":{"uv":[6.375,4.125,6.875,4.25],"rotation":0,"texture":"#6a796eef-68f7-94a8-9a1d-90e1add821f5","tintindex":0}}},{"name":"staff","from":[7.475003,9.649997,-6.512501],"to":[8.375003,10.549997,-2.9125004],"rotation":{"angle":0.0,"axis":"x","origin":[5.675003,9.649997,7.8875]},"faces":{"down":{"uv":[6.5,3.625,6.375,4.125],"rotation":0,"texture":"#6a796eef-68f7-94a8-9a1d-90e1add821f5","tintindex":0},"east":{"uv":[5.75,4.125,6.25,4.25],"rotation":0,"texture":"#6a796eef-68f7-94a8-9a1d-90e1add821f5","tintindex":0},"north":{"uv":[6.25,4.125,6.375,4.25],"rotation":0,"texture":"#6a796eef-68f7-94a8-9a1d-90e1add821f5","tintindex":0},"south":{"uv":[6.875,4.125,7.0,4.25],"rotation":0,"texture":"#6a796eef-68f7-94a8-9a1d-90e1add821f5","tintindex":0},"up":{"uv":[6.375,4.125,6.25,3.625],"rotation":0,"texture":"#6a796eef-68f7-94a8-9a1d-90e1add821f5","tintindex":0},"west":{"uv":[6.375,4.125,6.875,4.25],"rotation":0,"texture":"#6a796eef-68f7-94a8-9a1d-90e1add821f5","tintindex":0}}},{"name":"staff","from":[6.2000027,7.6249967,-3.8125005],"to":[9.500003,8.524997,-2.9125004],"rotation":{"angle":0.0,"axis":"x","origin":[8.000003,7.6249967,7.5875]},"faces":{"down":{"uv":[0.0,0.0,0.6875,0.1875],"rotation":0,"texture":"#6a796eef-68f7-94a8-9a1d-90e1add821f5","tintindex":0},"east":{"uv":[0.0,0.0,0.1875,0.1875],"rotation":0,"texture":"#6a796eef-68f7-94a8-9a1d-90e1add821f5","tintindex":0},"north":{"uv":[0.0,0.0,0.6875,0.1875],"rotation":0,"texture":"#6a796eef-68f7-94a8-9a1d-90e1add821f5","tintindex":0},"south":{"uv":[0.0,0.0,0.6875,0.1875],"rotation":0,"texture":"#6a796eef-68f7-94a8-9a1d-90e1add821f5","tintindex":0},"up":{"uv":[0.0,0.0,0.6875,0.1875],"rotation":0,"texture":"#6a796eef-68f7-94a8-9a1d-90e1add821f5","tintindex":0},"west":{"uv":[0.0,0.0,0.1875,0.1875],"rotation":0,"texture":"#6a796eef-68f7-94a8-9a1d-90e1add821f5","tintindex":0}}},{"name":"staff","from":[7.475003,6.4249964,-3.8125005],"to":[8.375003,9.724997,-2.9125004],"rotation":{"angle":0.0,"axis":"x","origin":[7.475003,7.6249967,6.9875]},"faces":{"down":{"uv":[0.0,0.0,0.1875,0.1875],"rotation":0,"texture":"#6a796eef-68f7-94a8-9a1d-90e1add821f5","tintindex":0},"east":{"uv":[0.0,0.0,0.1875,0.6875],"rotation":0,"texture":"#6a796eef-68f7-94a8-9a1d-90e1add821f5","tintindex":0},"north":{"uv":[0.0,0.0,0.1875,0.6875],"rotation":0,"texture":"#6a796eef-68f7-94a8-9a1d-90e1add821f5","tintindex":0},"south":{"uv":[0.0,0.0,0.1875,0.6875],"rotation":0,"texture":"#6a796eef-68f7-94a8-9a1d-90e1add821f5","tintindex":0},"up":{"uv":[0.0,0.0,0.1875,0.1875],"rotation":0,"texture":"#6a796eef-68f7-94a8-9a1d-90e1add821f5","tintindex":0},"west":{"uv":[0.0,0.0,0.1875,0.6875],"rotation":0,"texture":"#6a796eef-68f7-94a8-9a1d-90e1add821f5","tintindex":0}}},{"name":"staff","from":[7.475003,7.6249967,-3.8125005],"to":[8.375003,8.524997,20.2625],"rotation":{"angle":0.0,"axis":"x","origin":[0.8750026,7.6249967,10.5875]},"faces":{"down":{"uv":[7.375,7.125,7.625,13.125],"rotation":0,"texture":"#6a796eef-68f7-94a8-9a1d-90e1add821f5","tintindex":0},"east":{"uv":[1.375,11.625,6.390625,11.8125],"rotation":0,"texture":"#6a796eef-68f7-94a8-9a1d-90e1add821f5","tintindex":0},"north":{"uv":[0.0,0.0,0.1875,0.1875],"rotation":0,"texture":"#6a796eef-68f7-94a8-9a1d-90e1add821f5","tintindex":0},"south":{"uv":[0.0,0.0,0.1875,0.1875],"rotation":0,"texture":"#6a796eef-68f7-94a8-9a1d-90e1add821f5","tintindex":0},"up":{"uv":[7.0,7.875,7.1875,12.890625],"rotation":0,"texture":"#6a796eef-68f7-94a8-9a1d-90e1add821f5","tintindex":0},"west":{"uv":[5.5,13.75,10.515625,13.9375],"rotation":0,"texture":"#6a796eef-68f7-94a8-9a1d-90e1add821f5","tintindex":0}}}],"display":{"head":{"translation":[0.0,-6.4,0.0],"rotation":[0.0,0.0,0.0],"scale":[3.8095,3.8095,3.8095]},"gui":{"translation":[0.0,0.0,0.0],"rotation":[35.0,225.0,0.0],"scale":[0.625,0.625,0.625]}}}